<?xml version="1.0" encoding="UTF-8"?>
<configuration scan="true" scanPeriod="10 seconds" debug="false">
	<springProperty name="LOG_HOME" scope="context" source="log.file.path" defaultValue="D:/log/local/datacenter_api.log"/>
	<springProperty name="LOG_LEVEL" scope="context" source="log.level" defaultValue="DEBUG"/>
    <springProperty name="LOG_FORMAT" scope="context" source="log.format" defaultValue="file"/>
    <springProperty name="LOG_MASK_ENABLED" scope="context" source="log.mask.enabled" defaultValue="true"/>

    <property name="CONSOLE_LOG_PATTERN"
              value="%d{yyyy-MM-dd HH:mm:ss.SSS}の[%X{ticket}]の[%X{traceId}/%X{spanId}]の[%le]の[%C]:[%t]:[%F]:[%L]:[%msg%ex]の%n"/>
    <appender name="CONSOLE" class="ch.qos.logback.core.ConsoleAppender">
        <if condition='property("LOG_FORMAT").equalsIgnoreCase("json")'>
            <then>
                <encoder class="net.logstash.logback.encoder.LoggingEventCompositeJsonEncoder">
                    <providers>
                        <pattern>
                            <omitEmptyFields>true</omitEmptyFields>
                            <pattern>{"time":"%date{yyyy-MM-dd HH:mm:ss.SSS}","logger": "%logger","level": "%level","thread": "%thread","stack":"%class:%L[%method]","stackTrace":"%ex","uuid":"%mdc{ticket}","traceId":"%mdc{traceId}","spanId":"%mdc{spanId}"}</pattern>
                        </pattern>
                        <provider class="com.intech.log.config.IntechMessageJsonProvider">
                            <maskEnabled>${LOG_MASK_ENABLED}</maskEnabled>
                        </provider>
                    </providers>
                </encoder>
            </then>
            <else>
                <encoder class="ch.qos.logback.core.encoder.LayoutWrappingEncoder">
                    <layout class="com.intech.log.config.PatternMaskingLayout">
                        <pattern>${CONSOLE_LOG_PATTERN}</pattern>
                        <maskEnabled>${LOG_MASK_ENABLED}</maskEnabled>
                    </layout>
                </encoder>
            </else>
        </if>
    </appender>

    <!--输出到文件-->
    <appender name="FILE" class="ch.qos.logback.core.rolling.RollingFileAppender">
        <file>${LOG_HOME}</file>
        <rollingPolicy class="ch.qos.logback.core.rolling.TimeBasedRollingPolicy">
            <fileNamePattern>${LOG_HOME}.%d{yyyy-MM-dd}.log</fileNamePattern>
        </rollingPolicy>
        <encoder class="ch.qos.logback.core.encoder.LayoutWrappingEncoder">
            <layout class="com.intech.log.config.PatternMaskingLayout">
                <pattern>${CONSOLE_LOG_PATTERN}</pattern>
                <maskEnabled>${LOG_MASK_ENABLED}</maskEnabled>
            </layout>
        </encoder>
    </appender>
    <root level="${LOG_LEVEL}">
        <appender-ref ref="CONSOLE"/>
        <appender-ref ref="FILE"/>
    </root>

</configuration>