<?xml version="1.0" encoding="UTF-8" ?>
<!DOCTYPE mapper PUBLIC "-//mybatis.org//DTD Mapper 3.0//EN"
        "http://mybatis.org/dtd/mybatis-3-mapper.dtd">

<mapper namespace="mybatis.CustomerMapper">
    <resultMap id="customerMap" type="CustomerEntity">
        <result property="id" column="ID"/>
        <result property="productId" column="PRODUCT_ID"/>
        <result property="loginName" column="LOGIN_NAME"/>
        <result property="currency" column="CURRENCY"/>
        <result property="remark" column="REMARK"/>
        <result property="mainLoginName" column="MAIN_LOGIN_NAME"/>
    </resultMap>

    <update id="updateCustomerMainLoginName" parameterType="CustomerEntity">
		 UPDATE T_CUSTOMER_INFO  t SET
         t.MAIN_LOGIN_NAME = #{mainLoginName,jdbcType=VARCHAR}
         WHERE t.PRODUCT_ID = #{productId,jdbcType=VARCHAR}
         AND t.LOGIN_NAME = #{loginName,jdbcType=VARCHAR}
	</update>

</mapper>