<?xml version="1.0" encoding="UTF-8" ?>
<!DOCTYPE mapper PUBLIC "-//mybatis.org//DTD Mapper 3.0//EN" 
"http://mybatis.org/dtd/mybatis-3-mapper.dtd">

<mapper namespace="mybatis.DictionaryMapper">
  <!-- 
  <cache />
  -->
	<resultMap id="dictionaryEntityMap" type="DictionaryEntity">
		<result property="id" column="ID" />
	    <result property="dictId" column="DICT_ID" />  
	    <result property="dictType" column="DICT_TYPE" />
	    <result property="dictName" column="DICT_NAME" />
	    <result property="dictValueZH" column="DICT_ZH_VALUE" />
	    <result property="dictValueEN" column="DICT_EN_VALUE" />
		<result property="dictDesc" column="DICT_DESC" />
	</resultMap>
	
	<insert id="insertDictionary" parameterType="DictionaryEntity" >
		INSERT INTO DICTIONARY (
		ID, 
		DICT_ID, 
		DICT_TYPE, 
		DICT_NAME, 
		DICT_ZH_VALUE, 
		DICT_EN_VALUE, 
		DICT_DESC)VALUES(
 	 	DICT_SEQ.NEXTVAL,
		#{dictId,jdbcType=NUMERIC},
 		#{dictType,jdbcType=NUMERIC},
		#{dictName,jdbcType=VARCHAR},
	 	#{dictValueZH,jdbcType=VARCHAR},
	 	#{dictValueEN,jdbcType=VARCHAR},
	 	#{dictDesc,jdbcType=VARCHAR}
	 	)
	</insert>
	<select id="getDictionaryList"  resultMap="dictionaryEntityMap">
		 
	        	SELECT * FROM DICTIONARY D WHERE D.DICT_ID IS  NULL
        	 
	</select>
	<select id="getDictionaryListTotalCount" parameterType="Map" resultType="Integer">
		SELECT COUNT(1) FROM
	 		(
	       		SELECT 1 FROM DICTIONARY D WHERE D.DICT_ID IS  NULL
	 		)
	</select>
	<delete id="deleteDictionaryById" parameterType="Integer">
		DELETE from DICTIONARY WHERE ID = #{id}
  	</delete>
	
	<delete id="deleteDictionaryByDictId" parameterType="Integer">
		DELETE from DICTIONARY WHERE DICIT_ID = #{dictId}
  	</delete>
	<update id="updateDictionary" parameterType="DictionaryEntity">
		UPDATE DICTIONARY SET 
			DICT_NAME = #{dictName}, 
			DICT_ZH_VALUE = #{dictValueZH}, 
			DICT_EN_VALUE = #{dictValueEN}, 
			DICT_DESC =#{dictDesc} 
		WHERE ID = #{id}
	</update>
  
  	<select id="getDictionaryListByDictId" parameterType="Map" resultMap="dictionaryEntityMap">
		SELECT D2.ID,D1.DICT_NAME,D2.DICT_ID,D2.DICT_TYPE,D2.DICT_ZH_VALUE,D2.DICT_EN_VALUE,D2.DICT_DESC FROM 
			DICTIONARY D1 
			INNER JOIN 
			DICTIONARY D2 
			ON 
			D1.ID=D2.DICT_ID 
			AND 
			D2.DICT_ID =#{dictId} ORDER BY D2.DICT_EN_VALUE,D2.ID ASC
	</select>
  
   	<select id="getDictionaryListByDictName" parameterType="String" resultMap="dictionaryEntityMap">
		SELECT D2.ID,D1.DICT_NAME,D2.DICT_ID,D2.DICT_TYPE,D2.DICT_ZH_VALUE,D2.DICT_EN_VALUE,D2.DICT_DESC FROM
		      DICTIONARY D1
		      INNER JOIN
		      DICTIONARY D2
		      ON
		      D1.ID=D2.DICT_ID
		      AND
		      LOWER(D1.DICT_NAME) =LOWER(#{dictName}) ORDER BY D2.DICT_EN_VALUE,D2.ID ASC
	</select>
  
	<insert id="insertDictionaryRelation" parameterType="Map" >
  		INSERT INTO DICTIONARY_RELATION VALUES(#{dict1},#{dict2})
  	</insert>
  	<delete id="deleteDictionaryRelation" parameterType="Map">
	  	 DELETE DICTIONARY_RELATION
	  WHERE ROWID IN (SELECT R.ROWID
	                    FROM DICTIONARY_RELATION R
	                   INNER JOIN DICTIONARY D
	                      ON R.DICTID2 = ID
	                     AND R.DICTID1 =  #{dict1}
	                     AND D.DICT_ID = #{dictid})
  	</delete> 
  	
  	<select id="getDictionaryRelationList" parameterType="INTEGER" resultMap="dictionaryEntityMap">
  		SELECT D.* FROM DICTIONARY D INNER JOIN DICTIONARY_RELATION DL ON D.ID=DL.DICTID2  WHERE DL.DICTID1= #{dictId}
  	</select>
  	
  	<select id="getDictionaryByRelation" parameterType="Map" resultMap="dictionaryEntityMap">
	  	SELECT D2.*
	  FROM DICTIONARY D
	 INNER JOIN DICTIONARY_RELATION R
	    ON D.ID = R.DICTID1
	   AND LOWER(D.DICT_EN_VALUE)=LOWER(#{dictValue,jdbcType=VARCHAR})
	 INNER JOIN DICTIONARY D2
	    ON R.DICTID2 = D2.ID
	 INNER JOIN DICTIONARY D3
	    ON D2.DICT_ID = D3.ID
	   AND LOWER(D3.DICT_NAME) =LOWER(#{dictName,jdbcType=VARCHAR})
  	</select>
  	
  	
  	<select id="getDictionaryByRelationParent" parameterType="Map" resultMap="dictionaryEntityMap">
	  	SELECT D.DICT_EN_VALUE ,D2.DICT_EN_VALUE AS DICT_ZH_VALUE
	  FROM (SELECT C.*  FROM DICTIONARY P RIGHT JOIN DICTIONARY C ON P.ID=C.DICT_ID  WHERE LOWER(P.DICT_NAME)=LOWER(#{leftName,jdbcType=VARCHAR})) D
	 INNER JOIN DICTIONARY_RELATION R
	    ON D.ID = R.DICTID1
	  INNER JOIN (SELECT C.*  FROM DICTIONARY  P RIGHT JOIN DICTIONARY C ON P.ID=C.DICT_ID  WHERE  LOWER(P.DICT_NAME)=LOWER(#{rightName,jdbcType=VARCHAR})) D2
	    ON R.DICTID2 = D2.ID
  	</select>
  	
 	<select id="getDictionaryRelationListByDictIdAndPid" parameterType="Map" resultMap="dictionaryEntityMap">
  		SELECT D.*  FROM DICTIONARY_RELATION R
	                   INNER JOIN DICTIONARY D
	                      ON R.DICTID2 = ID
	                     AND R.DICTID1 =  #{leftDictId}
	                     AND D.DICT_ID = #{relationPid}
  	</select>
  	
  	
  	<select id="getDictionaryRelationAndParentDictName" parameterType="Map" resultMap="dictionaryEntityMap">
  		SELECT D.*  FROM DICTIONARY_RELATION R
	                   INNER JOIN DICTIONARY D
	                      ON R.DICTID2 = ID
	                     AND R.DICTID1 =  #{leftId}
	                     AND D.DICT_ID = (SELECT T.ID FROM DICTIONARY T WHERE T.DICT_NAME = #{pDictName})
  	</select>
	<!--查询平台信息配置的时间列表-->
	<select id="getPlatFromList" parameterType="Map" resultType="java.util.HashMap">
      SELECT D.ID,D.DICT_ZH_VALUE, D.DICT_EN_VALUE,D2.DICT_ZH_VALUE AS TIME_SHIQU
      FROM (SELECT C.*  FROM DICTIONARY P RIGHT JOIN DICTIONARY C ON P.ID=C.DICT_ID  WHERE LOWER(P.DICT_NAME)=LOWER('PLATFORM')) D
      INNER JOIN DICTIONARY_RELATION R
      ON D.ID = R.DICTID1
    INNER JOIN (SELECT C.*  FROM DICTIONARY  P RIGHT JOIN DICTIONARY C ON P.ID=C.DICT_ID  WHERE  LOWER(P.DICT_NAME)=LOWER('TIMEZONE')) D2
      ON R.DICTID2 = D2.ID
      ORDER BY DICT_EN_VALUE ASC
  </select>

</mapper>