<?xml version="1.0" encoding="UTF-8" ?>
<!DOCTYPE mapper PUBLIC "-//mybatis.org//DTD Mapper 3.0//EN"
        "http://mybatis.org/dtd/mybatis-3-mapper.dtd">

<mapper namespace="mybatis.GameTypePlayTypeMapper">
    <resultMap id="gameTypePlayTypeMap" type="GameTypePlayTypeEntity">
        <result property="id" column="ID"/>
        <result property="platformId" column="PLATFORM_ID"/>
        <result property="gameType" column="GAME_TYPE"/>
        <result property="playType" column="PLAY_TYPE"/>
        <result property="chineseName" column="CHINESE_NAME"/>
        <result property="englishName" column="ENGLISH_NAME"/>
        <result property="gameKind" column="GAME_KIND"/>
        <result property="type" column="TYPE"/>
        <result property="creationTime" column="CREATION_TIME"/>
        <result property="createBy" column="CREATE_BY"/>
        <result property="updateTime" column="UPDATE_TIME"/>
        <result property="updateBy" column="UPDATE_BY"/>
    </resultMap>

    <!--查询游戏类型配置-->
    <select id="getGameTypePlayTypeList" parameterType="Map" resultMap="gameTypePlayTypeMap">
        SELECT * FROM (SELECT rownum n, r.* FROM
        (
            select t.* from T_GAMETYPE_PLAYTYPE t WHERE 1=1
            <include refid="gameTypePlayTypeSearchConditions"/>
            order by t.CREATION_TIME DESC
        ) r
        WHERE rownum <![CDATA[<=]]> #{toRowNum}) WHERE n <![CDATA[>=]]>#{fromRowNum}
    </select>

    <select id="getGameTypePlayTypeListALL" parameterType="Map" resultMap="gameTypePlayTypeMap">
        select t.id,t.platform_id,t.game_type,t.chinese_name,t.play_type,t.english_name,t.type,t.game_kind,t.CREATION_TIME from T_GAMETYPE_PLAYTYPE t WHERE 1=1
        <include refid="gameTypePlayTypeSearchConditions"/>
        order by t.CREATION_TIME DESC
    </select>

    <sql id="gameTypePlayTypeSearchConditions">
        <if test="id != null">
            AND t.ID = #{id}
        </if>
        <if test="platformId != null">
            AND t.PLATFORM_ID = #{platformId}
        </if>
        <if test="gameType != null">
            AND t.GAME_TYPE = #{gameType}
        </if>
        <if test="playType != null">
            AND t.PLAY_TYPE = #{playType}
        </if>
        <if test="gameKind != null">
            AND t.GAME_KIND = #{gameKind}
        </if>
        <if test="chineseName != null and chineseName!=''">
            AND t.CHINESE_NAME = #{chineseName}
        </if>
        <if test="englishName != null and englishName!=''">
            AND t.ENGLISH_NAME = #{englishName}
        </if>
        <if test="type != null">
            AND t.TYPE = #{type}
        </if>
        <if test="beginTime != null">
            AND t.CREATION_TIME <![CDATA[>=]]> TO_DATE(#{beginTime},'YYYY-MM-DD HH24:MI:SS')
        </if>
        <if test="endTime != null">
            AND t.CREATION_TIME <![CDATA[<=]]> TO_DATE(#{endTime},'YYYY-MM-DD HH24:MI:SS')
        </if>
    </sql>

</mapper>