<?xml version="1.0" encoding="UTF-8" ?>
<!DOCTYPE configuration PUBLIC "-//mybatis.org//DTD Config 3.0//EN" "http://mybatis.org/dtd/mybatis-3-config.dtd">
<configuration>

    <settings>
        <setting name="cacheEnabled" value="false"/>
        <setting name="lazyLoadingEnabled" value="true"/>
        <setting name="defaultStatementTimeout" value="120000"/>
        <!--<setting name="logImpl" value="STDOUT_LOGGING"/>-->
    </settings>

    <typeAliases>
        <typeAlias alias="OrderEntity" type="com.gw.datacenter.vo.order.OrderEntity"/>
        <typeAlias alias="VipShareEntity" type="com.gw.datacenter.vo.order.VipShareEntity"/>
        <typeAlias alias="KashbetTicket" type="com.gw.datacenter.vo.order.KashbetTicket"/>
        <typeAlias alias="AccountTotalEntity" type="com.gw.datacenter.vo.order.AccountTotalEntity"/>
        <typeAlias alias="BaGameEntity" type="com.gw.datacenter.vo.gameresult.BaGameEntity"/>
        <typeAlias alias="PokerShoeStatisticEntity" type="com.gw.datacenter.vo.gameresult.PokerShoeStatisticEntity"/>
        <typeAlias alias="MonthlyWeeklyBetAmountEntity" type="com.gw.datacenter.vo.order.MonthlyWeeklyEffectiveBetAmountEntity"/>
        <typeAlias alias="ContinuousOrder" type="com.gw.datacenter.vo.order.ContinuousOrder"/>
        <typeAlias alias="WagerInfo" type="com.gw.datacenter.vo.order.WagerInfo"/>
        <typeAlias alias="UserWagerInfo" type="com.gw.datacenter.vo.order.UserWagerInfo"/>
        <typeAlias alias="OrderReportEntity" type="com.gw.datacenter.vo.order.OrderReportEntity"/>
        <typeAlias alias="PopularGame" type="com.gw.datacenter.vo.order.PopularGame"/>
        <typeAlias alias="BetRecord" type="com.gw.datacenter.vo.order.BetRecord"/>
        <typeAlias alias="GameOrder" type="com.gw.datacenter.vo.order.GameOrder"/>
        <typeAlias alias="OrderSummary" type="com.gw.datacenter.vo.order.OrderSummary"/>
        <typeAlias alias="OrderAGQJExceptionor"  type="com.gw.datacenter.vo.order.OrderAGQJExceptionor" />
        <typeAlias alias="Game" type="com.gw.datacenter.vo.order.Game"/>
        <typeAlias alias="DictionaryEntity" type="com.gw.datacenter.vo.dictionary.DictionaryEntity"/>
        <typeAlias alias="GameTypePlayTypeEntity" type="com.gw.datacenter.vo.gametypeplaytype.GameTypePlayTypeEntity"/>
        <typeAlias alias="TopValidBetAmount" type="com.gw.datacenter.vo.order.TopValidBetAmount"/>
        <typeAlias alias="MGAndTTGAbnormalEntity" type="com.gw.datacenter.vo.order.MGAndTTGAbnormalEntity"/>
        <typeAlias alias="AttendancePromoEntity" type="com.gw.datacenter.vo.activity.AttendancePromoEntity"/>
        <typeAlias alias="ActivityEntity" type="com.gw.datacenter.vo.activity.ActivityEntity"/>
        <typeAlias alias="CustomerDynamicEntity" type="com.gw.datacenter.vo.order.CustomerDynamicEntity"/>
        <typeAlias alias="CustomerEntity" type="com.gw.datacenter.vo.order.CustomerEntity"/>
    </typeAliases>

    <mappers>
        <mapper resource="mybatis/WebServiceMapper.xml"/>
        <mapper resource="mybatis/Order4K8Mapper.xml"/>
        <mapper resource="mybatis/DictionaryMapper.xml"/>
        <mapper resource="mybatis/GameTypePlayTypeMapper.xml"/>
        <mapper resource="mybatis/CustomerMapper.xml"/>
    </mappers>

</configuration>