<?xml version="1.0" encoding="UTF-8" ?>
<!DOCTYPE mapper PUBLIC "-//mybatis.org//DTD Mapper 3.0//EN"
		"http://mybatis.org/dtd/mybatis-3-mapper.dtd">

<mapper namespace="mybatis.Order4K8Mapper">
	<!--
      <cache />
    -->
	<resultMap id="OrderEntityMap" type="OrderEntity">
		<result property="billNo" column="BILLNO" />
		<result property="loginName" column="LOGINNAME" />
		<result property="agCode" column="AGCODE" />
		<result property="topAgCode" column="TOP_AGCODE" />
		<result property="platId" column="PLATFORM_ID" />
		<result property="productId" column="PRODUCT_ID" />
		<result property="gmCode" column="GMCODE" />
		<result property="cusAccount" column="CUS_ACCOUNT" typeHandler="com.gw.datacenter.vo.order.MapperBigDecimalHandle"/>
		<result property="billTime" column="BILLTIME" />
		<result property="reckonTime" column="RECKONTIME" />
		<result property="flag" column="FLAG" />
		<result property="hashCode" column="HASHCODE" />
		<result property="remark" column="REMARK" />
		<result property="playType" column="PLAYTYPE" />
		<result property="currency" column="CURRENCY" />
		<result property="tableCode" column="TABLECODE" />
		<result property="round" column="ROUND" />
		<result property="gameType" column="GAMETYPE" />
		<result property="account" column="ACCOUNT" typeHandler="com.gw.datacenter.vo.order.MapperBigDecimalHandle"/>
		<result property="curIp" column="CUR_IP" />
		<result property="validAccount" column="VALID_ACCOUNT" typeHandler="com.gw.datacenter.vo.order.MapperBigDecimalHandle"/>
		<result property="bonusAmount" column="BONUS_AMOUNT" typeHandler="com.gw.datacenter.vo.order.MapperBigDecimalHandle"/>
		<result property="score" column="SCORE" typeHandler="com.gw.datacenter.vo.order.MapperBigDecimalHandle"/>
		<result property="previosAmount" column="PREVIOS_AMOUNT" typeHandler="com.gw.datacenter.vo.order.MapperBigDecimalHandle"/>
		<result property="currencyType" column="CURRENCY_TYPE" />
		<result property="deviceType" column="DEVICE_TYPE" />
		<result property="cardList" column="CARDLIST" />
		<result property="remainAmount" column="REMAIN_AMOUNT" typeHandler="com.gw.datacenter.vo.order.MapperBigDecimalHandle"/>
		<result property="oddsType" column="ODDSTYPE" />
		<result property="odds" column="ODDS" />
	</resultMap>

	<resultMap id="OrderReportMap" type="OrderReportEntity">
		<result property="productId" column="PRODUCT_ID" />
		<result property="platformId" column="PLATFORM_ID" />
		<result property="currency" column="CURRENCY" />
		<result property="gameType" column="GAMETYPE" />
		<result property="playerNum" column="PLAYERNUM" />
		<result property="betTimes" column="BETTIMES" />
		<result property="account" column="ACCOUNT" typeHandler="com.gw.datacenter.vo.order.MapperBigDecimalHandle"/>
		<result property="validAccount" column="VALIDACCOUNT" typeHandler="com.gw.datacenter.vo.order.MapperBigDecimalHandle"/>
		<result property="remainAmount" column="REMAINAMOUNT" typeHandler="com.gw.datacenter.vo.order.MapperBigDecimalHandle"/>
		<result property="profitability" column="PROFITABILITY" typeHandler="com.gw.datacenter.vo.order.MapperBigDecimalHandle"/>
	</resultMap>

	<!-- ################################################################ -->
	<!-- ###############return order list -begin######################### -->
	<!-- ################################################################ -->
	<sql id="getOrderListCondition">
		<if test="beginTime != null">
			AND BILLTIME <![CDATA[>=]]> TO_DATE(#{beginTime},'YYYY-MM-DD HH24:MI:SS')
		</if>
		<if test="endTime != null">
			AND BILLTIME <![CDATA[<=]]> TO_DATE(#{endTime},'YYYY-MM-DD HH24:MI:SS')
		</if>
		<if test="gmCode != null">
			AND GMCODE = #{gmCode,jdbcType=VARCHAR}
		</if>
		<if test="gameType != null">
			AND GAMETYPE = #{gameType,jdbcType=VARCHAR}
		</if>
		<if test="validAmount != null">
			AND VALID_ACCOUNT >= #{validAmount,jdbcType=DECIMAL}
		</if>
		<if test="curIp != null">
			AND CUR_IP LIKE CONCAT(#{curIp,jdbcType=VARCHAR},'%')
		</if>
		<if test="productId != null">
			AND PRODUCT_ID ='${productId}'
		</if>
		<if test="loginName != null">
			AND LOGINNAME = #{loginName}
		</if>
		<if test="billNo != null">
			AND BILLNO = #{billNo,jdbcType=VARCHAR}
		</if>
		<if test="flag != null">
			AND FLAG = #{flag,jdbcType=NUMERIC}
		</if>
		<if test="currencyType != null">
			AND CURRENCY_TYPE = #{currencyType,jdbcType=NUMERIC}
		</if>
		<if test="gameKind != null">
			AND GAME_KIND = #{gameKind,jdbcType=VARCHAR}
		</if>
		<if test="deviceType!=null">
			AND  NVL(DEVICE_TYPE,0)=#{deviceType,jdbcType=VARCHAR}
		</if>
	</sql>


	<sql id="getOrderListCondition4AG">
		<if test="beginTime != null">
			AND BILLTIME <![CDATA[>=]]> TO_DATE(#{beginTime},'YYYY-MM-DD HH24:MI:SS')
		</if>
		<if test="endTime != null">
			AND BILLTIME <![CDATA[<=]]> TO_DATE(#{endTime},'YYYY-MM-DD HH24:MI:SS')
		</if>
		<if test="gmCode != null">
			AND GMCODE = #{gmCode,jdbcType=VARCHAR}
		</if>
		<if test="gameType != null">
			AND GAMETYPE = #{gameType,jdbcType=VARCHAR}
		</if>
		<if test="validAmount != null">
			AND VALID_ACCOUNT >= #{validAmount,jdbcType=DECIMAL}
		</if>
		<if test="curIp != null">
			AND CUR_IP LIKE CONCAT(#{curIp,jdbcType=VARCHAR},'%')
		</if>
		<if test="productId != null">
			AND PRODUCT_ID ='${productId}'
		</if>
		<if test="loginName != null">
			AND LOGINNAME = #{loginName}
		</if>
		<if test="billNo != null">
			AND BILLNO = #{billNo,jdbcType=VARCHAR}
		</if>
		<if test="flag != null">
			AND FLAG = #{flag,jdbcType=NUMERIC}
		</if>
		<if test="currencyType != null">
			AND CURRENCY_TYPE = #{currencyType,jdbcType=NUMERIC}
		</if>
		<if test="gameKind != null">
			AND GAME_KIND = #{gameKind,jdbcType=VARCHAR}
		</if>
		<if test="deviceType!=null">
			<if test="deviceType==0">
				AND  NVL(DEVICE_TYPE,0)=#{deviceType,jdbcType=VARCHAR}
			</if>
			<if test="deviceType==1">
				AND  DEVICE_TYPE!='0'
			</if>
		</if>
		<if test="playType!= null">
			AND PLAYTYPE = #{playType,jdbcType=NUMERIC}
		</if>
	</sql>

	<sql id="getOrderListCondition4HG">
		<if test="beginTime != null">
			AND BILLTIME <![CDATA[>=]]> TO_DATE(#{beginTime},'YYYY-MM-DD HH24:MI:SS')
		</if>
		<if test="endTime != null">
			AND BILLTIME <![CDATA[<=]]> TO_DATE(#{endTime},'YYYY-MM-DD HH24:MI:SS')
		</if>
		<if test="gmCode != null">
			AND GMCODE = #{gmCode,jdbcType=VARCHAR}
		</if>
		<if test="validAmount != null">
			AND VALID_ACCOUNT >= #{validAmount,jdbcType=DECIMAL}
		</if>
		<if test="curIp != null">
			AND CUR_IP LIKE CONCAT(#{curIp,jdbcType=VARCHAR},'%')
		</if>
		<if test="productId != null">
			AND PRODUCT_ID ='${productId}'
		</if>
		<if test="loginName != null">
			AND LOGINNAME = #{loginName}
		</if>
		<if test="billNo != null">
			AND BILLNO = #{billNo,jdbcType=VARCHAR}
		</if>
		<if test="flag != null">
			AND FLAG = #{flag,jdbcType=NUMERIC}
		</if>
		<if test="currencyType != null">
			AND CURRENCY_TYPE = #{currencyType,jdbcType=NUMERIC}
		</if>
		<if test="gameKind != null">
			<if test="gameType != null">
				<if test="gameType != 'LC'">
					AND (GAMETYPE LIKE 'Rng%' OR GAMETYPE='Mahjong' OR GAMETYPE='RTG'  OR GAMETYPE='Remote GoStop' OR GAMETYPE='Bingo'  OR GAMETYPE='Keno'  OR GAMETYPE='Pai Gow'  OR GAMETYPE='Let It Ride'  OR GAMETYPE='Caribbean Stud Poker' OR GAMETYPE='Video Poker' OR GAMETYPE='Slots' OR GAMETYPE='Craps' )
				</if>
				<if test="gameType == 'LC'">
					AND GAMETYPE   IN ('Roulette','Blackjack','Baccarat','Sic Bo','DragonTiger','NCBaccarat')
				</if>
			</if>
		</if>
		<if test="gameKind == null">
			<if test="gameType != null">
				AND GAMETYPE= #{gameType,jdbcType=VARCHAR}
			</if>
		</if>
		<if test="deviceType!=null">
			AND  NVL(DEVICE_TYPE,0)=#{deviceType,jdbcType=VARCHAR}
		</if>
		<if test="playType!= null">
			AND PLAYTYPE = #{playType,jdbcType=NUMERIC}
		</if>
	</sql>

	<sql id="getOrderListCondition4IPM">
		<if test="productId != null">
			AND PRODUCT_ID = '${productId}'
		</if>
		<if test="loginName != null">
			AND LOGIN_NAME = #{loginName}
		</if>
		<if test="billNo != null">
			AND BILL_NO = #{billNo,jdbcType=VARCHAR}
		</if>
		<if test="beginTime != null">
			AND BILL_TIME <![CDATA[>=]]> TO_DATE(#{beginTime},'YYYY-MM-DD HH24:MI:SS')
		</if>
		<if test="endTime != null">
			AND BILL_TIME <![CDATA[<=]]> TO_DATE(#{endTime},'YYYY-MM-DD HH24:MI:SS')
		</if>
		<if test="flag != null">
			AND to_number(SETTLED) = #{flag,jdbcType=NUMERIC}
		</if>
		<if test="currencyType != null">
			AND CURRENCY_TYPE = #{currencyType,jdbcType=NUMERIC}
		</if>
		<if test="gmCode != null">
			AND 1=-1
		</if>
		<if test="deviceType!=null">
			AND  NVL(DEVICE_TYPE,0)=#{deviceType,jdbcType=VARCHAR}
		</if>
		<if test="playType!= null">
			AND PLAYTYPE = #{playType,jdbcType=NUMERIC}
		</if>
	</sql>
	<sql id="getOrderListCondition4K8">
		<if test="beginTime != null">
			AND BILLTIME <![CDATA[>=]]> TO_DATE(#{beginTime},'YYYY-MM-DD HH24:MI:SS')
		</if>
		<if test="endTime != null">
			AND BILLTIME <![CDATA[<=]]> TO_DATE(#{endTime},'YYYY-MM-DD HH24:MI:SS')
		</if>
		<if test="gmCode != null">
			AND ROUND = #{gmCode,jdbcType=VARCHAR}
		</if>
		<if test="gameType != null">
			AND GAMETYPE = #{gameType,jdbcType=VARCHAR}
		</if>
		<if test="validAmount != null">
			AND VALID_ACCOUNT >= #{validAmount,jdbcType=DECIMAL}
		</if>
		<if test="curIp != null">
			AND CUR_IP LIKE CONCAT(#{curIp,jdbcType=VARCHAR},'%')
		</if>
		<if test="productId != null">
			AND PRODUCT_ID = '${productId}'
		</if>
		<if test="loginName != null">
			AND LOGINNAME = #{loginName}
		</if>
		<if test="billNo != null">
			AND BILLNO = #{billNo,jdbcType=VARCHAR}
		</if>
		<if test="flag != null">
			AND FLAG = #{flag,jdbcType=NUMERIC}
		</if>
		<if test="currencyType != null">
			AND CURRENCY_TYPE = #{currencyType,jdbcType=NUMERIC}
		</if>
		<if test="deviceType!=null">
			AND  NVL(DEVICE_TYPE,0)=#{deviceType,jdbcType=VARCHAR}
		</if>
		<if test="playType!= null">
			AND PLAYTYPE = #{playType,jdbcType=NUMERIC}
		</if>
	</sql>
	<sql id="getOrderListCondition4BBIN">
		<if test="beginTime != null">
			AND BILLTIME <![CDATA[>=]]> TO_DATE(#{beginTime},'YYYY-MM-DD HH24:MI:SS')
		</if>
		<if test="endTime != null">
			AND BILLTIME <![CDATA[<=]]> TO_DATE(#{endTime},'YYYY-MM-DD HH24:MI:SS')
		</if>
		<if test="gmCode != null">
			AND GMCODE = #{gmCode,jdbcType=VARCHAR}
		</if>
		<if test="gameType != null">
			AND GAMETYPE = #{gameType,jdbcType=VARCHAR}
		</if>
		<if test="validAmount != null">
			AND VALID_ACCOUNT >= #{validAmount,jdbcType=DECIMAL}
		</if>
		<if test="curIp != null">
			AND CUR_IP LIKE CONCAT(#{curIp,jdbcType=VARCHAR},'%')
		</if>
		<if test="productId != null">
			AND PRODUCT_ID = #{productId,jdbcType=VARCHAR}
		</if>
		<if test="loginName != null">
			AND LOGINNAME = #{loginName,jdbcType=VARCHAR}
		</if>
		<if test="billNo != null">
			AND BILLNO = #{billNo,jdbcType=VARCHAR}
		</if>
		<if test="currencyType != null">
			AND CURRENCY_TYPE = #{currencyType,jdbcType=NUMERIC}
		</if>
		<if test="deviceType!=null">
			AND  NVL(DEVICE_TYPE,0)=#{deviceType,jdbcType=VARCHAR}
		</if>
		<if test="playType!= null">
			AND PLAYTYPE = #{playType,jdbcType=NUMERIC}
		</if>
	</sql>

	<!-- ################################################################ -->
	<!-- ###############return order list Map -begin######################### -->
	<!-- ################################################################ -->
	<sql id="getOrderListConditionForMap">
		<if test="beginTime != null">
			AND BILLTIME <![CDATA[>=]]> TO_DATE(#{beginTime},'YYYY-MM-DD HH24:MI:SS')
		</if>
		<if test="endTime != null">
			AND BILLTIME <![CDATA[<=]]> TO_DATE(#{endTime},'YYYY-MM-DD HH24:MI:SS')
		</if>
		<if test="reckonBeginTime != null">
			AND RECKONTIME <![CDATA[>=]]> TO_DATE(#{reckonBeginTime},'YYYY-MM-DD HH24:MI:SS')
		</if>
		<if test="reckonEndTime != null">
			AND RECKONTIME <![CDATA[<=]]> TO_DATE(#{reckonEndTime},'YYYY-MM-DD HH24:MI:SS')
		</if>
		<if test="gmCode != null">
			AND GMCODE = #{gmCode,jdbcType=VARCHAR}
		</if>
		<if test="tableMap.gameKindList != null">
			AND GAME_KIND IN
			<foreach collection="tableMap.gameKindList" open="(" separator="," close=")"  item="gameKind">
				#{gameKind,jdbcType=VARCHAR}
			</foreach>
		</if>
		<if test="tableMap.gameTypeList != null">
			AND GAMETYPE IN
			<foreach collection="tableMap.gameTypeList" open="(" separator="," close=")"  item="gameType">
				#{gameType,jdbcType=VARCHAR}
			</foreach>
		</if>
		<if test="validAmount != null and endValidAmount != null">
			AND (VALID_ACCOUNT >= #{validAmount,jdbcType=DECIMAL} and VALID_ACCOUNT<![CDATA[<=]]>#{endValidAmount,jdbcType=DECIMAL})
		</if>
		<if test="validAmount != null and endValidAmount == null">
			AND VALID_ACCOUNT >= #{validAmount,jdbcType=DECIMAL}
		</if>
		<if test="validAmount == null and endValidAmount != null">
			AND VALID_ACCOUNT<![CDATA[<=]]>#{endValidAmount,jdbcType=DECIMAL}
		</if>
		<if test="curIp != null">
			AND CUR_IP LIKE CONCAT(#{curIp,jdbcType=VARCHAR},'%')
		</if>
		<if test="productId != null">
			AND PRODUCT_ID ='${productId}'
		</if>
		<if test="productIdDuichArr != null">
			AND PRODUCT_ID IN
			<foreach collection="productIdDuichArr" open="(" separator="," close=")"  item="prdId">
				#{prdId,jdbcType=VARCHAR}
			</foreach>
		</if>
		<if test="loginName != null">
			AND LOGINNAME = #{loginName}
		</if>
		<if test="loginNameArr != null">
			AND LOGINNAME IN
			<foreach collection="loginNameArr" open="(" separator="," close=")"  item="lnameItem6">
				#{lnameItem6,jdbcType=VARCHAR}
			</foreach>
		</if>
		<if test="billNo != null">
			AND BILLNO = #{billNo,jdbcType=VARCHAR}
		</if>
		<!-- <if test="flag != null">
			AND FLAG = #{flag,jdbcType=NUMERIC}
		</if> -->
		<if test="tableMap.gameOrderStatusList != null">
			AND FLAG IN
			<foreach collection="tableMap.gameOrderStatusList" open="(" separator="," close=")"  item="gameOrderStatus">
				#{gameOrderStatus,jdbcType=VARCHAR}
			</foreach>
		</if>
		<if test="currencyType != null">
			AND CURRENCY_TYPE = #{currencyType,jdbcType=NUMERIC}
		</if>
		<if test="deviceType!=null">
			<if test="deviceType==0">
				<if test="tableMap.key=='003' or tableMap.key=='032' or tableMap.key=='064'">
					AND (NVL(DEVICE_TYPE,0)=#{deviceType,jdbcType=VARCHAR} or DEVICE_TYPE='2' or DEVICE_TYPE='3' or DEVICE_TYPE='4' or DEVICE_TYPE='9')
				</if>
				<if test="tableMap.key!='003' and tableMap.key!='032' and tableMap.key!='064'">
					AND (NVL(DEVICE_TYPE,0)=#{deviceType,jdbcType=VARCHAR} or DEVICE_TYPE='9')
				</if>
			</if>
			<if test="deviceType==1">
				<if test="tableMap.key=='003' or tableMap.key=='032' or tableMap.key=='064'">
					AND  DEVICE_TYPE in('1','64','65','66','67','68','69')
				</if>
				<if test="tableMap.key!='003' and tableMap.key!='032' and tableMap.key!='064'">
					AND  DEVICE_TYPE!=0 and DEVICE_TYPE!=9
				</if>
			</if>
			<if test="deviceType==101">
				<if test="tableMap.key=='003' or tableMap.key=='032' or tableMap.key=='064'">
					AND  DEVICE_TYPE in ('32','33','34','35','36','48','49','50','51','52','53','54','55','16','17','18','19','20','21','22','23','101')
				</if>
				<if test="tableMap.key=='051'">
					AND  DEVICE_TYPE =#{deviceType,jdbcType=VARCHAR}
				</if>
				<if test="tableMap.key!='003' and tableMap.key!='032' and tableMap.key!='064' and tableMap.key!='051'">
					AND  DEVICE_TYPE='zeo'
				</if>
			</if>
		</if>
		<if test="orderType != null">
			AND IS_SPECIAL_GAME = #{orderType,jdbcType=NUMERIC}
		</if>
		<if test="playType!= null">
			AND PLAYTYPE = #{playType,jdbcType=NUMERIC}
		</if>

		<if test="gameNameList != null">
			AND GAMETYPE = #{gameNameList,jdbcType=VARCHAR}
			<!--AND GAMETYPE IN
			<foreach collection="gameNameList" open="(" separator="," close=")"  item="gameNameItem">
			 #{gameNameItem,jdbcType=VARCHAR}
			</foreach>-->
		</if>
	</sql>


	<!-- ################################################################ -->
	<!-- ###############return order list Map -begin######################### -->
	<!-- ################################################################ -->
	<sql id="getOrderListConditionForPTMap">
		<if test="beginTime != null">
			AND BILLTIME <![CDATA[>=]]> TO_DATE(#{beginTime},'YYYY-MM-DD HH24:MI:SS')
		</if>
		<if test="endTime != null">
			AND BILLTIME <![CDATA[<=]]> TO_DATE(#{endTime},'YYYY-MM-DD HH24:MI:SS')
		</if>
		<if test="reckonBeginTime != null">
			AND RECKONTIME <![CDATA[>=]]> TO_DATE(#{reckonBeginTime},'YYYY-MM-DD HH24:MI:SS')
		</if>
		<if test="reckonEndTime != null">
			AND RECKONTIME <![CDATA[<=]]> TO_DATE(#{reckonEndTime},'YYYY-MM-DD HH24:MI:SS')
		</if>
		<if test="gmCode != null">
			AND GMCODE = #{gmCode,jdbcType=VARCHAR}
		</if>
		<if test="tableMap.gameKindList != null">
			AND GAME_KIND IN
			<foreach collection="tableMap.gameKindList" open="(" separator="," close=")"  item="gameKind">
				#{gameKind,jdbcType=VARCHAR}
			</foreach>
		</if>
		<if test="tableMap.gameTypeList != null">
			AND GAMETYPE IN
			<foreach collection="tableMap.gameTypeList" open="(" separator="," close=")"  item="gameType">
				#{gameType,jdbcType=VARCHAR}
			</foreach>
		</if>
		<if test="validAmount != null and endValidAmount != null">
			AND (VALID_ACCOUNT >= #{validAmount,jdbcType=DECIMAL} and VALID_ACCOUNT<![CDATA[<=]]>#{endValidAmount,jdbcType=DECIMAL})
		</if>
		<if test="validAmount != null and endValidAmount == null">
			AND VALID_ACCOUNT >= #{validAmount,jdbcType=DECIMAL}
		</if>
		<if test="validAmount == null and endValidAmount != null">
			AND VALID_ACCOUNT<![CDATA[<=]]>#{endValidAmount,jdbcType=DECIMAL}
		</if>
		<if test="curIp != null">
			AND CUR_IP LIKE CONCAT(#{curIp,jdbcType=VARCHAR},'%')
		</if>
		<if test="productId != null">
			AND PRODUCT_ID ='${productId}'
		</if>
		<if test="productIdDuichArr != null">
			AND PRODUCT_ID IN
			<foreach collection="productIdDuichArr" open="(" separator="," close=")"  item="prdId">
				#{prdId,jdbcType=VARCHAR}
			</foreach>
		</if>
		<if test="loginName != null">
			AND LOGINNAME = #{loginName}
		</if>
		<if test="loginNameArr != null">
			AND LOGINNAME IN
			<foreach collection="loginNameArr" open="(" separator="," close=")"  item="lnameItem8">
				#{lnameItem8,jdbcType=VARCHAR}
			</foreach>
		</if>
		<if test="billNo != null">
			AND BILLNO = #{billNo,jdbcType=VARCHAR}
		</if>
		<!-- <if test="flag != null">
			AND FLAG = #{flag,jdbcType=NUMERIC}
		</if> -->
		<if test="tableMap.gameOrderStatusList != null">
			AND FLAG IN
			<foreach collection="tableMap.gameOrderStatusList" open="(" separator="," close=")"  item="gameOrderStatus">
				#{gameOrderStatus,jdbcType=VARCHAR}
			</foreach>
		</if>
		<if test="currencyType != null">
			AND CURRENCY_TYPE = #{currencyType,jdbcType=NUMERIC}
		</if>

		<if test="deviceType!=null">
			<if test="deviceType==0">
				<if test="tableMap.key=='003' or tableMap.key=='032' or tableMap.key=='064'">
					AND (NVL(DEVICE_TYPE,0)=#{deviceType,jdbcType=VARCHAR} or DEVICE_TYPE='2' or DEVICE_TYPE='3' or DEVICE_TYPE='4' or DEVICE_TYPE='9')
				</if>
				<if test="tableMap.key!='003' and tableMap.key!='032' and tableMap.key!='064'">
					AND (NVL(DEVICE_TYPE,0)=#{deviceType,jdbcType=VARCHAR} or DEVICE_TYPE='9')
				</if>
			</if>
			<if test="deviceType==1">
				<if test="tableMap.key=='003' or tableMap.key=='032' or tableMap.key=='064'">
					AND  DEVICE_TYPE in('1','64','65','66','67','68','69')
				</if>
				<if test="tableMap.key!='003' and tableMap.key!='032' and tableMap.key!='064'">
					AND  DEVICE_TYPE!=0 and DEVICE_TYPE!=9
				</if>
			</if>
			<if test="deviceType==101">
				<if test="tableMap.key=='003' or tableMap.key=='032' or tableMap.key=='064'">
					AND  DEVICE_TYPE in ('32','33','34','35','36','48','49','50','51','52','53','54','55','16','17','18','19','20','21','22','23','101')
				</if>
				<if test="tableMap.key!='003' and tableMap.key!='032' and tableMap.key!='064'">
					AND  DEVICE_TYPE='zeo'
				</if>
			</if>
		</if>

		<if test="orderType != null">
			AND IS_SPECIAL_GAME = #{orderType,jdbcType=NUMERIC}
		</if>
		<if test="playType!= null">
			AND PLAYTYPE = #{playType,jdbcType=NUMERIC}
		</if>

		<if test="gameNameList != null">
			AND GAMETYPE = #{gameNameList,jdbcType=VARCHAR}
			<!--AND GAMETYPE IN
			<foreach collection="gameNameList" open="(" separator="," close=")"  item="gameNameItem">
			 #{gameNameItem,jdbcType=VARCHAR}
			</foreach>-->
		</if>
	</sql>

	<sql id="getOrderListCondition4AGForMap">
		<if test="beginTime != null">
			AND BILLTIME <![CDATA[>=]]> TO_DATE(#{beginTime},'YYYY-MM-DD HH24:MI:SS')
		</if>
		<if test="endTime != null">
			AND BILLTIME <![CDATA[<=]]> TO_DATE(#{endTime},'YYYY-MM-DD HH24:MI:SS')
		</if>
		<if test="reckonBeginTime != null">
			AND RECKONTIME <![CDATA[>=]]> TO_DATE(#{reckonBeginTime},'YYYY-MM-DD HH24:MI:SS')
		</if>
		<if test="reckonEndTime != null">
			AND RECKONTIME <![CDATA[<=]]> TO_DATE(#{reckonEndTime},'YYYY-MM-DD HH24:MI:SS')
		</if>
		<if test="gmCode != null">
			AND GMCODE = #{gmCode,jdbcType=VARCHAR}
		</if>
		<if test="tableMap.gameKindList != null">
			AND GAME_KIND IN
			<foreach collection="tableMap.gameKindList" open="(" separator="," close=")"  item="gameKind">
				#{gameKind,jdbcType=VARCHAR}
			</foreach>
		</if>
		<if test="tableMap.gameTypeList != null">
			AND GAMETYPE IN
			<foreach collection="tableMap.gameTypeList" open="(" separator="," close=")"  item="gameType">
				#{gameType,jdbcType=VARCHAR}
			</foreach>
		</if>
		<if test="validAmount != null and endValidAmount != null">
			AND (VALID_ACCOUNT >= #{validAmount,jdbcType=DECIMAL} and VALID_ACCOUNT<![CDATA[<=]]>#{endValidAmount,jdbcType=DECIMAL})
		</if>
		<if test="validAmount != null and endValidAmount == null">
			AND VALID_ACCOUNT >= #{validAmount,jdbcType=DECIMAL}
		</if>
		<if test="validAmount == null and endValidAmount != null">
			AND VALID_ACCOUNT<![CDATA[<=]]>#{endValidAmount,jdbcType=DECIMAL}
		</if>
		<if test="curIp != null">
			AND CUR_IP LIKE CONCAT(#{curIp,jdbcType=VARCHAR},'%')
		</if>
		<if test="productId != null">
			AND PRODUCT_ID ='${productId}'
		</if>
		<if test="productIdDuichArr != null">
			AND PRODUCT_ID IN
			<foreach collection="productIdDuichArr" open="(" separator="," close=")"  item="prdId">
				#{prdId,jdbcType=VARCHAR}
			</foreach>
		</if>
		<if test="loginName != null">
			AND LOGINNAME = #{loginName}
		</if>
		<if test="loginNameArr != null">
			AND LOGINNAME IN
			<foreach collection="loginNameArr" open="(" separator="," close=")"  item="lnameItem4">
				#{lnameItem4,jdbcType=VARCHAR}
			</foreach>
		</if>
		<if test="billNo != null">
			AND BILLNO = #{billNo,jdbcType=VARCHAR}
		</if>
		<!-- <if test="flag != null">
			AND FLAG = #{flag,jdbcType=NUMERIC}
		</if> -->
		<if test="tableMap.gameOrderStatusList != null">
			AND FLAG IN
			<foreach collection="tableMap.gameOrderStatusList" open="(" separator="," close=")"  item="gameOrderStatus">
				#{gameOrderStatus,jdbcType=VARCHAR}
			</foreach>
		</if>
		<if test="currencyType != null">
			AND CURRENCY_TYPE = #{currencyType,jdbcType=NUMERIC}
		</if>
		<if test="deviceType!=null">
			<if test="deviceType==0">
				<if test="tableMap.key=='003' or tableMap.key=='032' or tableMap.key=='064'">
					AND (NVL(DEVICE_TYPE,0)=#{deviceType,jdbcType=VARCHAR} or DEVICE_TYPE='2' or DEVICE_TYPE='3' or DEVICE_TYPE='4' or DEVICE_TYPE='9')
				</if>
				<if test="tableMap.key!='003' and tableMap.key!='032' and tableMap.key!='064'">
					AND (NVL(DEVICE_TYPE,0)=#{deviceType,jdbcType=VARCHAR} or DEVICE_TYPE='9')
				</if>
			</if>
			<if test="deviceType==1">
				<if test="tableMap.key=='003' or tableMap.key=='032' or tableMap.key=='064'">
					AND  DEVICE_TYPE in('1','64','65','66','67','68','69')
				</if>
				<if test="tableMap.key!='003' and tableMap.key!='032' and tableMap.key!='064'">
					AND  DEVICE_TYPE!=0 and DEVICE_TYPE!=9
				</if>
			</if>
			<if test="deviceType==101">
				<if test="tableMap.key=='003' or tableMap.key=='032' or tableMap.key=='064'">
					AND  DEVICE_TYPE in ('32','33','34','35','36','48','49','50','51','52','53','54','55','16','17','18','19','20','21','22','23','101')
				</if>
				<if test="tableMap.key!='003' and tableMap.key!='032' and tableMap.key!='064'">
					AND  DEVICE_TYPE='zeo'
				</if>
			</if>
		</if>
		<if test="orderType != null">
			AND IS_SPECIAL_GAME = #{orderType,jdbcType=NUMERIC}
		</if>
		<if test="playType!= null">
			AND PLAYTYPE = #{playType,jdbcType=NUMERIC}
		</if>

		<if test="gameNameList != null">
			AND GAMETYPE = #{gameNameList,jdbcType=VARCHAR}
			<!--AND GAMETYPE IN
			<foreach collection="gameNameList" open="(" separator="," close=")"  item="gameNameItem">
			 #{gameNameItem,jdbcType=VARCHAR}
			</foreach>-->
		</if>
	</sql>


	<sql id="getOrderListCondition4AginForMap">
		<if test="beginTime != null">
			AND BILLTIME <![CDATA[>=]]> TO_DATE(#{beginTime},'YYYY-MM-DD HH24:MI:SS')
		</if>
		<if test="endTime != null">
			AND BILLTIME <![CDATA[<=]]> TO_DATE(#{endTime},'YYYY-MM-DD HH24:MI:SS')
		</if>
		<if test="reckonBeginTime != null">
			AND RECKONTIME <![CDATA[>=]]> TO_DATE(#{reckonBeginTime},'YYYY-MM-DD HH24:MI:SS')
		</if>
		<if test="reckonEndTime != null">
			AND RECKONTIME <![CDATA[<=]]> TO_DATE(#{reckonEndTime},'YYYY-MM-DD HH24:MI:SS')
		</if>
		<if test="gmCode != null">
			AND GMCODE = #{gmCode,jdbcType=VARCHAR}
		</if>
		<if test="round != null">
			AND round = #{round,jdbcType=VARCHAR}
		</if>

		<if test="tableMap.gameKindList != null">
			<if test="tableMap.gameTypeList != null">
				AND
				<foreach collection="tableMap.gameTypeList" open="(" separator=" OR " close=")"  item="gameType">
					<if test="gameType == 'SL%'">
						GAME_KIND=5
					</if>
					<!--
                      PDATACENTER-127要求查询电子游戏时，过滤掉捕鱼的数据，SL%的标记由方法getOrderListGroupByLoginName使用，查询getOrderList走'SL%_'标记
                    -->
					<if test="gameType == 'SL%_'">
						(GAME_KIND=5 and GAMETYPE!='FISH' and GAMETYPE!='RAISEFISH')
					</if>
					<if test="gameType == 'LC'">
						GAME_KIND=3
					</if>
					<if test="gameType == 'FISH'">
						(GAMETYPE='FISH')
					</if>
					<if test="gameType == 'RAISEFISH'">
						(GAMETYPE='RAISEFISH')
					</if>
					<if test="gameType == 'FIFA'">
						GAME_KIND=1
					</if>
				</foreach>
			</if>

			<!--added by Span 2016-08-30 统一起来捕鱼注单-->
			<if test="tableMap.gameTypeList == null">
				AND GAME_KIND IN
				<foreach collection="tableMap.gameKindList" open="(" separator="," close=")"  item="gameKind">
					#{gameKind,jdbcType=VARCHAR}
				</foreach>
			</if>
		</if>
		<if test="tableMap.gameKindList == null">
			<if test="tableMap.gameTypeList != null">
				AND GAMETYPE IN
				<foreach collection="tableMap.gameTypeList" open="(" separator="," close=")"  item="gameType">
					#{gameType,jdbcType=VARCHAR}
				</foreach>
			</if>
		</if>

		<if test="validAmount != null and endValidAmount != null">
			AND (VALID_ACCOUNT >= #{validAmount,jdbcType=DECIMAL} and VALID_ACCOUNT<![CDATA[<=]]>#{endValidAmount,jdbcType=DECIMAL})
		</if>
		<if test="validAmount != null and endValidAmount == null">
			AND VALID_ACCOUNT >= #{validAmount,jdbcType=DECIMAL}
		</if>
		<if test="validAmount == null and endValidAmount != null">
			AND VALID_ACCOUNT<![CDATA[<=]]>#{endValidAmount,jdbcType=DECIMAL}
		</if>

		<if test="curIp != null">
			AND CUR_IP LIKE CONCAT(#{curIp,jdbcType=VARCHAR},'%')
		</if>
		<if test="productId != null">
			AND PRODUCT_ID = '${productId}'
		</if>
		<if test="productIdDuichArr != null">
			AND PRODUCT_ID IN
			<foreach collection="productIdDuichArr" open="(" separator="," close=")"  item="prdId">
				#{prdId,jdbcType=VARCHAR}
			</foreach>
		</if>
		<if test="loginName != null">
			AND LOGINNAME = #{loginName}
		</if>
		<if test="loginNameArr != null">
			AND LOGINNAME IN
			<foreach collection="loginNameArr" open="(" separator="," close=")"  item="lnameItem3">
				#{lnameItem3,jdbcType=VARCHAR}
			</foreach>
		</if>
		<if test="billNo != null">
			AND BILLNO = #{billNo,jdbcType=VARCHAR}
		</if>
		<!-- <if test="flag != null">
			AND FLAG = #{flag,jdbcType=NUMERIC}
		</if> -->
		<if test="tableMap.gameOrderStatusList != null">
			AND FLAG IN
			<foreach collection="tableMap.gameOrderStatusList" open="(" separator="," close=")"  item="gameOrderStatus">
				#{gameOrderStatus,jdbcType=VARCHAR}
			</foreach>
		</if>

		<if test="currencyType != null">
			AND CURRENCY_TYPE = #{currencyType,jdbcType=NUMERIC}
		</if>
		<!--<if test="deviceType!=null">
			AND  NVL(DEVICE_TYPE,0)=#{deviceType,jdbcType=VARCHAR}
		</if>-->
		<if test="deviceType!=null">
			<if test="deviceType==0">
				<if test="tableMap.key=='003' or tableMap.key=='032' or tableMap.key=='064'">
					AND (NVL(DEVICE_TYPE,0)=#{deviceType,jdbcType=VARCHAR} or DEVICE_TYPE='2' or DEVICE_TYPE='3' or DEVICE_TYPE='4' or DEVICE_TYPE='9')
				</if>
				<if test="tableMap.key!='003' and tableMap.key!='032' and tableMap.key!='064'">
					AND (NVL(DEVICE_TYPE,0)=#{deviceType,jdbcType=VARCHAR} or DEVICE_TYPE='9')
				</if>
			</if>
			<if test="deviceType==1">
				<if test="tableMap.key=='003' or tableMap.key=='032' or tableMap.key=='064'">
					AND  DEVICE_TYPE in('1','64','65','66','67','68','69')
				</if>
				<if test="tableMap.key!='003' and tableMap.key!='032' and tableMap.key!='064'">
					AND  DEVICE_TYPE!=0 and DEVICE_TYPE!=9
				</if>
			</if>
			<if test="deviceType==101">
				<if test="tableMap.key=='003' or tableMap.key=='032' or tableMap.key=='064'">
					AND  DEVICE_TYPE in ('32','33','34','35','36','48','49','50','51','52','53','54','55','16','17','18','19','20','21','22','23','101')
				</if>
				<if test="tableMap.key!='003' and tableMap.key!='032' and tableMap.key!='064'">
					AND  DEVICE_TYPE='zeo'
				</if>
			</if>
		</if>
		<if test="orderType != null">
			AND IS_SPECIAL_GAME = #{orderType,jdbcType=NUMERIC}
		</if>
		<if test="playType!= null">
			AND PLAYTYPE = #{playType,jdbcType=NUMERIC}
		</if>

		<if test="gameNameList != null">
			AND GAMETYPE = #{gameNameList,jdbcType=VARCHAR}
			<!--AND GAMETYPE IN
			<foreach collection="gameNameList" open="(" separator="," close=")"  item="gameNameItem">
			 #{gameNameItem,jdbcType=VARCHAR}
			</foreach>-->
		</if>
	</sql>


	<sql id="getOrderListCondition4HGForMap">
		<if test="beginTime != null">
			AND BILLTIME <![CDATA[>=]]> TO_DATE(#{beginTime},'YYYY-MM-DD HH24:MI:SS')
		</if>
		<if test="endTime != null">
			AND BILLTIME <![CDATA[<=]]> TO_DATE(#{endTime},'YYYY-MM-DD HH24:MI:SS')
		</if>
		<if test="reckonBeginTime != null">
			AND RECKONTIME <![CDATA[>=]]> TO_DATE(#{reckonBeginTime},'YYYY-MM-DD HH24:MI:SS')
		</if>
		<if test="reckonEndTime != null">
			AND RECKONTIME <![CDATA[<=]]> TO_DATE(#{reckonEndTime},'YYYY-MM-DD HH24:MI:SS')
		</if>
		<if test="gmCode != null">
			AND GMCODE = #{gmCode,jdbcType=VARCHAR}
		</if>

		<if test="validAmount != null and endValidAmount != null">
			AND (VALID_ACCOUNT >= #{validAmount,jdbcType=DECIMAL} and VALID_ACCOUNT<![CDATA[<=]]>#{endValidAmount,jdbcType=DECIMAL})
		</if>
		<if test="validAmount != null and endValidAmount == null">
			AND VALID_ACCOUNT >= #{validAmount,jdbcType=DECIMAL}
		</if>
		<if test="validAmount == null and endValidAmount != null">
			AND VALID_ACCOUNT<![CDATA[<=]]>#{endValidAmount,jdbcType=DECIMAL}
		</if>


		<if test="curIp != null">
			AND CUR_IP LIKE CONCAT(#{curIp,jdbcType=VARCHAR},'%')
		</if>
		<if test="productId != null">
			AND PRODUCT_ID ='${productId}'
		</if>
		<if test="productIdDuichArr != null">
			AND PRODUCT_ID IN
			<foreach collection="productIdDuichArr" open="(" separator="," close=")"  item="prdId">
				#{prdId,jdbcType=VARCHAR}
			</foreach>
		</if>
		<if test="loginName != null">
			AND LOGINNAME = #{loginName}
		</if>
		<if test="loginNameArr != null">
			AND LOGINNAME IN
			<foreach collection="loginNameArr" open="(" separator="," close=")"  item="lnameItem2">
				#{lnameItem2,jdbcType=VARCHAR}
			</foreach>
		</if>
		<if test="billNo != null">
			AND BILLNO = #{billNo,jdbcType=VARCHAR}
		</if>
		<!-- <if test="flag != null">
			AND FLAG = #{flag,jdbcType=NUMERIC}
		</if> -->
		<if test="tableMap.gameOrderStatusList != null">
			AND FLAG IN
			<foreach collection="tableMap.gameOrderStatusList" open="(" separator="," close=")"  item="gameOrderStatus">
				#{gameOrderStatus,jdbcType=VARCHAR}
			</foreach>
		</if>
		<if test="currencyType != null">
			AND CURRENCY_TYPE = #{currencyType,jdbcType=NUMERIC}
		</if>
		<if test="tableMap.gameKindList != null">
			<if test="tableMap.gameTypeList != null">
				AND
				<foreach collection="tableMap.gameTypeList" open="(" separator=" OR " close=")"  item="gameType">
					<if test="gameType != 'LC'">
						(GAMETYPE LIKE 'Rng%' OR GAMETYPE='Mahjong' OR GAMETYPE='RTG'  OR GAMETYPE='Remote GoStop' OR GAMETYPE='Bingo'  OR GAMETYPE='Keno'  OR GAMETYPE='Pai Gow'  OR GAMETYPE='Let It Ride'  OR GAMETYPE='Caribbean Stud Poker' OR GAMETYPE='Video Poker' OR GAMETYPE='Slots' OR GAMETYPE='Craps' )
					</if>
					<if test="gameType == 'LC'">
						(GAMETYPE   IN ('Roulette','Blackjack','Baccarat','Sic Bo','DragonTiger','NCBaccarat','SqueezeBaccarat'))
					</if>
				</foreach>
			</if>
			<!--added by ziv 2018-08-25 修复选择某些游戏大类会查出真人大类注单bug-->
			<if test="tableMap.gameTypeList == null">
				AND GAME_KIND IN
				<foreach collection="tableMap.gameKindList" open="(" separator="," close=")"  item="gameKind">
					#{gameKind,jdbcType=VARCHAR}
				</foreach>
			</if>
		</if>
		<if test="tableMap.gameKindList == null">
			<if test="tableMap.gameTypeList != null">
				AND GAMETYPE IN
				<foreach collection="tableMap.gameTypeList" open="(" separator="," close=")"  item="gameType">
					#{gameType,jdbcType=VARCHAR}
				</foreach>
			</if>
		</if>
		<if test="deviceType!=null">
			<if test="deviceType==0">
				<if test="tableMap.key=='003' or tableMap.key=='032' or tableMap.key=='064'">
					AND (NVL(DEVICE_TYPE,0)=#{deviceType,jdbcType=VARCHAR} or DEVICE_TYPE='2' or DEVICE_TYPE='3' or DEVICE_TYPE='4' or DEVICE_TYPE='9')
				</if>
				<if test="tableMap.key!='003' and tableMap.key!='032' and tableMap.key!='064'">
					AND (NVL(DEVICE_TYPE,0)=#{deviceType,jdbcType=VARCHAR} or DEVICE_TYPE='9')
				</if>
			</if>
			<if test="deviceType==1">
				<if test="tableMap.key=='003' or tableMap.key=='032' or tableMap.key=='064'">
					AND  DEVICE_TYPE in('1','64','65','66','67','68','69')
				</if>
				<if test="tableMap.key!='003' and tableMap.key!='032' and tableMap.key!='064'">
					AND  DEVICE_TYPE!=0 and DEVICE_TYPE!=9
				</if>
			</if>
			<if test="deviceType==101">
				<if test="tableMap.key=='003' or tableMap.key=='032' or tableMap.key=='064'">
					AND  DEVICE_TYPE in ('32','33','34','35','36','48','49','50','51','52','53','54','55','16','17','18','19','20','21','22','23','101')
				</if>
				<if test="tableMap.key!='003' and tableMap.key!='032' and tableMap.key!='064'">
					AND  DEVICE_TYPE='zeo'
				</if>
			</if>
		</if>
		<if test="orderType != null">
			AND IS_SPECIAL_GAME = #{orderType,jdbcType=NUMERIC}
		</if>
		<if test="playType!= null">
			AND PLAYTYPE = #{playType,jdbcType=NUMERIC}
		</if>

		<if test="gameNameList != null">
			AND GAMETYPE = #{gameNameList,jdbcType=VARCHAR}
			<!--AND GAMETYPE IN
			<foreach collection="gameNameList" open="(" separator="," close=")"  item="gameNameItem">
			 #{gameNameItem,jdbcType=VARCHAR}
			</foreach>-->
		</if>
	</sql>

	<sql id="getOrderListCondition4IPMForMap">
		<if test="productId != null">
			AND PRODUCT_ID = '${productId}'
		</if>
		<if test="loginName != null">
			AND LOGIN_NAME = #{loginName}
		</if>
		<if test="billNo != null">
			AND BILL_NO = #{billNo,jdbcType=VARCHAR}
		</if>
		<if test="beginTime != null">
			AND BILL_TIME <![CDATA[>=]]> TO_DATE(#{beginTime},'YYYY-MM-DD HH24:MI:SS')
		</if>
		<if test="endTime != null">
			AND BILL_TIME <![CDATA[<=]]> TO_DATE(#{endTime},'YYYY-MM-DD HH24:MI:SS')
		</if>
		<!-- <if test="flag != null">
			AND to_number(SETTLED) = #{flag,jdbcType=NUMERIC}
		</if> -->
		<if test="tableMap.gameOrderStatusList != null">
			AND SETTLED IN
			<foreach collection="tableMap.gameOrderStatusList" open="(" separator="," close=")"  item="gameOrderStatus">
				#{gameOrderStatus,jdbcType=VARCHAR}
			</foreach>
		</if>
		<if test="currencyType != null">
			AND CURRENCY_TYPE = #{currencyType,jdbcType=NUMERIC}
		</if>
		<if test="gmCode != null">
			AND 1=-1
		</if>
		<if test="deviceType!=null">
			AND  NVL(DEVICE_TYPE,0)=#{deviceType,jdbcType=VARCHAR}
		</if>
		<if test="playType!= null">
			AND PLAYTYPE = #{playType,jdbcType=NUMERIC}
		</if>
	</sql>
	<sql id="getOrderListCondition4K8ForMap">
		<if test="beginTime != null">
			AND BILLTIME <![CDATA[>=]]> TO_DATE(#{beginTime},'YYYY-MM-DD HH24:MI:SS')
		</if>
		<if test="endTime != null">
			AND BILLTIME <![CDATA[<=]]> TO_DATE(#{endTime},'YYYY-MM-DD HH24:MI:SS')
		</if>
		<if test="reckonBeginTime != null">
			AND RECKONTIME <![CDATA[>=]]> TO_DATE(#{reckonBeginTime},'YYYY-MM-DD HH24:MI:SS')
		</if>
		<if test="reckonEndTime != null">
			AND RECKONTIME <![CDATA[<=]]> TO_DATE(#{reckonEndTime},'YYYY-MM-DD HH24:MI:SS')
		</if>
		<if test="gmCode != null">
			AND ROUND = #{gmCode,jdbcType=VARCHAR}
		</if>
		<if test="tableMap.gameTypeList != null">
			AND GAMETYPE IN
			<foreach collection="tableMap.gameTypeList" open="(" separator="," close=")"  item="gameType">
				#{gameType,jdbcType=VARCHAR}
			</foreach>
		</if>
		<if test="validAmount != null and endValidAmount != null">
			AND (VALID_ACCOUNT >= #{validAmount,jdbcType=DECIMAL} and VALID_ACCOUNT<![CDATA[<=]]>#{endValidAmount,jdbcType=DECIMAL})
		</if>
		<if test="validAmount != null and endValidAmount == null">
			AND VALID_ACCOUNT >= #{validAmount,jdbcType=DECIMAL}
		</if>
		<if test="validAmount == null and endValidAmount != null">
			AND VALID_ACCOUNT<![CDATA[<=]]>#{endValidAmount,jdbcType=DECIMAL}
		</if>
		<if test="curIp != null">
			AND CUR_IP LIKE CONCAT(#{curIp,jdbcType=VARCHAR},'%')
		</if>
		<if test="productId != null">
			AND PRODUCT_ID = '${productId}'
		</if>
		<if test="productIdDuichArr != null">
			AND PRODUCT_ID IN
			<foreach collection="productIdDuichArr" open="(" separator="," close=")"  item="prdId">
				#{prdId,jdbcType=VARCHAR}
			</foreach>
		</if>
		<if test="loginName != null">
			AND LOGINNAME = #{loginName}
		</if>
		<if test="loginNameArr != null">
			AND LOGINNAME IN
			<foreach collection="loginNameArr" open="(" separator="," close=")"  item="lnameItem">
				#{lnameItem,jdbcType=VARCHAR}
			</foreach>
		</if>
		<if test="billNo != null">
			AND BILLNO = #{billNo,jdbcType=VARCHAR}
		</if>
		<if test="tableMap.gameKindList != null">
			AND GAME_KIND IN
			<foreach collection="tableMap.gameKindList" open="(" separator="," close=")"  item="gameKind">
				#{gameKind,jdbcType=VARCHAR}
			</foreach>
		</if>

		<!-- <if test="flag != null">
			AND FLAG = #{flag,jdbcType=NUMERIC}
		</if> -->
		<if test="tableMap.gameOrderStatusList != null">
			AND FLAG IN
			<foreach collection="tableMap.gameOrderStatusList" open="(" separator="," close=")"  item="gameOrderStatus">
				#{gameOrderStatus,jdbcType=VARCHAR}
			</foreach>
		</if>
		<if test="currencyType != null">
			AND CURRENCY_TYPE = #{currencyType,jdbcType=NUMERIC}
		</if>
		<if test="deviceType!=null">
			<if test="deviceType==0">
				<if test="tableMap.key=='003' or tableMap.key=='032' or tableMap.key=='064'">
					AND (NVL(DEVICE_TYPE,0)=#{deviceType,jdbcType=VARCHAR} or DEVICE_TYPE='2' or DEVICE_TYPE='3' or DEVICE_TYPE='4' or DEVICE_TYPE='9')
				</if>
				<if test="tableMap.key!='003' and tableMap.key!='032' and tableMap.key!='064'">
					AND (NVL(DEVICE_TYPE,0)=#{deviceType,jdbcType=VARCHAR} or DEVICE_TYPE='9')
				</if>
			</if>
			<if test="deviceType==1">
				<if test="tableMap.key=='003' or tableMap.key=='032' or tableMap.key=='064'">
					AND  DEVICE_TYPE in('1','64','65','66','67','68','69')
				</if>
				<if test="tableMap.key!='003' and tableMap.key!='032' and tableMap.key!='064'">
					AND  DEVICE_TYPE!=0 and DEVICE_TYPE!=9
				</if>
			</if>
			<if test="deviceType==101">
				<if test="tableMap.key=='003' or tableMap.key=='032' or tableMap.key=='064'">
					AND  DEVICE_TYPE in ('32','33','34','35','36','48','49','50','51','52','53','54','55','16','17','18','19','20','21','22','23','101')
				</if>
				<if test="tableMap.key!='003' and tableMap.key!='032' and tableMap.key!='064'">
					AND  DEVICE_TYPE='zeo'
				</if>
			</if>
		</if>
		<if test="orderType != null">
			AND IS_SPECIAL_GAME = #{orderType,jdbcType=NUMERIC}
		</if>
		<if test="playType!= null">
			AND PLAYTYPE = #{playType,jdbcType=NUMERIC}
		</if>

		<if test="gameNameList != null">
			AND GAMETYPE = #{gameNameList,jdbcType=VARCHAR}
		</if>
	</sql>

	<select id="getOrderList4All" parameterType="Map" resultMap="OrderEntityMap">
		SELECT rs2.* FROM	(
		SELECT ROWNUM AS rum, rs0.* FROM (
		SELECT rs.* FROM (
		<foreach collection="tableList.platFormConditionList"   separator=" UNION ALL "   index="index"    item="tableMap">
			<if test="tableMap.key!='018'">
				SELECT  BILLNO, LOGINNAME, AGCODE, PLATFORM_ID, PRODUCT_ID, GMCODE, CUS_ACCOUNT, BILLTIME, FLAG, HASHCODE,
				REMARK, PLAYTYPE, (case when  BILLTIME <![CDATA[<=]]>TO_DATE('2018-10-10','YYYY-MM-DD') then (case when product_id='C07' then 'VND' else 'CNY' end) else currency end) as　CURRENCY, TABLECODE, ROUND, GAMETYPE, ACCOUNT, CUR_IP, VALID_ACCOUNT, RECKONTIME, NVL(REMAIN_AMOUNT,VALID_ACCOUNT) REMAIN_AMOUNT,
				PREVIOS_AMOUNT, CURRENCY_TYPE,BONUS_AMOUNT,
				(CASE WHEN DEVICE_TYPE IN('0',NULL,'') OR DEVICE_TYPE  IS NULL THEN '0' ELSE DEVICE_TYPE END) DEVICE_TYPE
				<choose>
					<when test="tableMap.value =='ORDERS_NSS' or tableMap.value=='ORDERS_SHABA' or tableMap.value=='ORDERS_SBT' or tableMap.value=='ORDERS_XJ'">
						, ODDS,ODDSTYPE
					</when>
					<otherwise>
						,null as  ODDS,null as ODDSTYPE
					</otherwise>
				</choose>
				FROM  ${tableMap.value}  WHERE 1=1
				AND PLATFORM_ID = #{tableMap.key}
				<choose>
					<when test="tableMap.key=='004'" >
						<include refid="getOrderListCondition4K8ForMap" />
					</when>
					<when test="tableMap.key=='008'" >
						<include refid="getOrderListCondition4HGForMap" />
					</when>
					<when test="tableMap.key=='026'" >
						<include refid="getOrderListCondition4AginForMap" />
					</when>
					<when test="tableMap.key=='003'" >
						<include refid="getOrderListCondition4AGForMap" />
					</when>
					<when test="tableMap.key=='039'" >
						<include refid="getOrderListConditionForPTMap" />
					</when>
					<otherwise>
						<include refid="getOrderListConditionForMap" />
					</otherwise>
				</choose>

				<if test="betAccountStart!=null">
					AND ACCOUNT <![CDATA[>=]]> #{betAccountStart}
				</if>
				<if test="betAccountEnd!=null">
					AND ACCOUNT <![CDATA[<=]]> #{betAccountEnd}
				</if>
				<if test="cusAccountStart!=null">
					AND CUS_ACCOUNT <![CDATA[>=]]> #{cusAccountStart}
				</if>
				<if test="cusAccountEnd!=null">
					AND CUS_ACCOUNT <![CDATA[<=]]> #{cusAccountEnd}
				</if>
				<if test="playTypeArr != null">
					AND PLAYTYPE IN
					<foreach collection="playTypeArr" open="(" separator="," close=")"  item="playTypeItem">
						#{playTypeItem,jdbcType=VARCHAR}
					</foreach>
				</if>

				<if test="currency!=null">
					AND (case when BILLTIME <![CDATA[<=]]>TO_DATE('2018-10-10','YYYY-MM-DD') then (case when product_id='C07' then 'VND' else 'CNY' end) else currency end) = #{currency}
					<!--AND CURRENCY=#{currency}-->

				</if>
			</if>
		</foreach>
		)rs
		<if test="productId==null">
			ORDER BY rs.VALID_ACCOUNT DESC,CUR_IP ASC
		</if>

		<if test="productId!=null">
			<choose>
				<when test="orderBy!=null">
					ORDER BY ${orderBy}
				</when>
				<otherwise>
					ORDER BY rs.billtime DESC,rs.billno DESC
				</otherwise>
			</choose>
		</if>

		)rs0 where ROWNUM <![CDATA[<=]]> #{toRowNum}
		)rs2 where rs2.rum <![CDATA[>=]]>#{fromRowNum}
	</select>

	<!--查询总数-->
	<select id="getOrderList4AllSize" parameterType="Map" resultType="String">
		SELECT TO_CHAR(ROUND(NVL(sum(recordTotal), 0), 2),'fm99999999999999999990.00') || ',' ||
		TO_CHAR(ROUND(NVL(sum(account), 0), 6),'fm99999999999999999990.000000') || ',' ||
		TO_CHAR(ROUND(NVL(sum(validAccount), 0), 6),'fm99999999999999999990.000000') || ',' ||
		TO_CHAR(ROUND(NVL(sum(cusAccount), 0), 6),'fm99999999999999999990.000000') || ',' ||
		TO_CHAR(ROUND(NVL(sum(score), 0), 6),'fm99999999999999999990.000000') || ',' ||
		TO_CHAR(ROUND(NVL(sum(bonusAmount), 0), 6),'fm99999999999999999990.000000') || ',' ||
		TO_CHAR(ROUND(NVL(sum(absCusAccount), 0), 6),'fm99999999999999999990.000000') || ',' || '' || ',' ||
		TO_CHAR(ROUND(NVL(sum(REMAINAMOUNT), 0), 6),'fm99999999999999999990.000000')
		FROM
		(
		<foreach collection="tableList.platFormConditionList"   separator=" UNION ALL "   index="index"    item="tableMap">
			<if test="tableMap.key!='018'">
				<choose>
					<when test="tableMap.key=='044'" >
						SELECT  COUNT(1) AS RECORDTOTAL,SUM(ACCOUNT) AS ACCOUNT,SUM(ACCOUNT) AS VALIDACCOUNT,SUM(CUS_ACCOUNT) AS CUSACCOUNT, SUM(VALID_ACCOUNT) AS SCORE,0 AS BONUSAMOUNT, SUM(ABS(CUS_ACCOUNT))AS ABSCUSACCOUNT, SUM(NVL(REMAIN_AMOUNT,VALID_ACCOUNT))AS REMAINAMOUNT
					</when>
					<when test="tableMap.key=='053' or tableMap.key=='035' or tableMap.key=='027' or tableMap.key=='054' or tableMap.key=='051' or tableMap.key=='055' or tableMap.key=='003'" >
						SELECT  COUNT(1) AS RECORDTOTAL,SUM(ACCOUNT) AS ACCOUNT,SUM(VALID_ACCOUNT) AS VALIDACCOUNT,SUM(CUS_ACCOUNT) AS CUSACCOUNT, 0 AS SCORE,SUM(BONUS_AMOUNT) AS BONUSAMOUNT, SUM(ABS(CUS_ACCOUNT))AS ABSCUSACCOUNT, SUM(NVL(REMAIN_AMOUNT,VALID_ACCOUNT))AS REMAINAMOUNT
					</when>
					<otherwise>
						SELECT  COUNT(1) AS RECORDTOTAL,SUM(ACCOUNT) AS ACCOUNT,SUM(VALID_ACCOUNT) AS VALIDACCOUNT,SUM(CUS_ACCOUNT) AS CUSACCOUNT, 0 AS SCORE, 0 AS BONUSAMOUNT, SUM(ABS(CUS_ACCOUNT))AS ABSCUSACCOUNT, SUM(NVL(REMAIN_AMOUNT,VALID_ACCOUNT))AS REMAINAMOUNT
					</otherwise>
				</choose>
				FROM  ${tableMap.value}   WHERE 1=1
				AND PLATFORM_ID = #{tableMap.key}
				<choose>
					<when test="tableMap.key=='004'" >
						<include refid="getOrderListCondition4K8ForMap" />
					</when>
					<when test="tableMap.key=='008'" >
						<include refid="getOrderListCondition4HGForMap" />
					</when>
					<when test="tableMap.key=='026'" >
						<include refid="getOrderListCondition4AginForMap" />
					</when>
					<when test="tableMap.key=='003'" >
						<include refid="getOrderListCondition4AGForMap" />
					</when>
					<when test="tableMap.key=='039'" >
						<include refid="getOrderListConditionForPTMap" />
					</when>
					<otherwise>
						<include refid="getOrderListConditionForMap" />
					</otherwise>
				</choose>


				<if test="betAccountStart!=null">
					AND ACCOUNT <![CDATA[>=]]> #{betAccountStart}
				</if>
				<if test="betAccountEnd!=null">
					AND ACCOUNT <![CDATA[<=]]> #{betAccountEnd}
				</if>
				<if test="cusAccountStart!=null">
					AND CUS_ACCOUNT <![CDATA[>=]]> #{cusAccountStart}
				</if>
				<if test="cusAccountEnd!=null">
					AND CUS_ACCOUNT <![CDATA[<=]]> #{cusAccountEnd}
				</if>
				<if test="playTypeArr != null">
					AND PLAYTYPE IN
					<foreach collection="playTypeArr" open="(" separator="," close=")"  item="playTypeOneItem">
						#{playTypeOneItem,jdbcType=VARCHAR}
					</foreach>
				</if>
				<if test="currency!=null">
					AND (case when BILLTIME <![CDATA[<=]]>TO_DATE('2018-10-10','YYYY-MM-DD') then (case when product_id='C07' then 'VND' else 'CNY' end) else currency end) = #{currency}
					<!--AND CURRENCY=#{currency}-->
				</if>
			</if>
		</foreach>
		)
	</select>



	<select id="getBowinList" parameterType="Map"   resultMap="OrderEntityMap">
		SELECT * FROM (
		SELECT ROWNUM AS RUM,RS.* FROM(
		SELECT
		T1.LOGINNAME,
		T1.GMCODE,
		T1.PRODUCT_ID,
		T1.PLATFORM_ID,
		T1.VALID_ACCOUNT,
		T1.CUS_ACCOUNT,
		T.BONUS_AMOUNT,
		T1.PLAYTYPE,
		T1.GAMETYPE,
		T1.BILLTIME,
		G.CARDLIST||';'||G.Bankerpoint||';'||G.PLAYERPOINT AS CARDLIST
		FROM ORDERS_AGQJ T, GAMERESULT_BAGAME G, ORDERS_AGQJ T1
		WHERE T.PLATFORM_ID = '003'
		<if test="productId != null">
			AND T.PRODUCT_ID = '${productId}'
		</if>
		<if test="loginName != null">
			AND T.LOGINNAME = #{loginName}
		</if>
		<if test="billNo != null">
			AND T.BILLNO = #{billNo,jdbcType=VARCHAR}
		</if>
		<if test="beginTime != null">
			AND T.BILLTIME <![CDATA[>=]]> TO_DATE(#{beginTime},'YYYY-MM-DD HH24:MI:SS')
		</if>
		<if test="endTime != null">
			AND T.BILLTIME <![CDATA[<=]]> TO_DATE(#{endTime},'YYYY-MM-DD HH24:MI:SS')
		</if>
		AND T.GAMETYPE = 'bowin'
		AND T.GMCODE = G.GMCODE
		AND T.REMARK = T1.BILLNO
		AND T.PLATFORM_ID = G.PLATFORM_ID
		ORDER BY T.BILLTIME DESC
		) rs
		<if test="toRowNum!='' and toRowNum!=null" >
			WHERE ROWNUM <![CDATA[<=]]>#{toRowNum}
		</if>
		)rs1
		<if test="fromRowNum!='' and fromRowNum!=null">
			WHERE rs1.RUM <![CDATA[>=]]>#{fromRowNum}
		</if>
	</select>

	<select id="getBowinCount" parameterType="Map"   resultType="String">
		SELECT TO_CHAR(NVL(count(1),0),'fm99999999999999999990') ||','||
		TO_CHAR(ROUND(NVL(sum( T1.CUS_ACCOUNT),0),6),'fm99999999999999999990.000000') ||','||
		TO_CHAR(ROUND(NVL(sum( T.BONUS_AMOUNT),0),6),'fm99999999999999999990.000000')
		FROM ORDERS_AGQJ T, GAMERESULT_BAGAME G, ORDERS_AGQJ T1
		WHERE T.PLATFORM_ID = '003'
		<if test="productId != null">
			AND T.PRODUCT_ID = '${productId}'
		</if>
		<if test="loginName != null">
			AND T.LOGINNAME = #{loginName}
		</if>
		<if test="billNo != null">
			AND T.BILLNO = #{billNo,jdbcType=VARCHAR}
		</if>
		<if test="beginTime != null">
			AND T.BILLTIME <![CDATA[>=]]> TO_DATE(#{beginTime},'YYYY-MM-DD HH24:MI:SS')
		</if>
		<if test="endTime != null">
			AND T.BILLTIME <![CDATA[<=]]> TO_DATE(#{endTime},'YYYY-MM-DD HH24:MI:SS')
		</if>
		AND T.GAMETYPE = 'bowin'
		AND T.GMCODE = G.GMCODE
		AND T.REMARK = T1.BILLNO
	</select>

	<!--查询注单报表-->
	<select id="getOrderReportList" parameterType="Map" resultMap="OrderReportMap">

		SELECT rs2.*
		FROM
		(
		SELECT ROWNUM AS rum,
		rs0.*
		FROM
		(
		SELECT rs.*
		FROM
		(
		SELECT
		COUNT(LOGINNAME)  PLAYERNUM,
		PRODUCT_ID,
		GAME_KIND GAMEKIND,
		CURRENCY,
		sum(BETTINGTIMES) BETTIMES,
		sum(ACCOUNT) ACCOUNT,
		sum(TOTALVALIDACCOUNT) VALIDACCOUNT,
		sum(TOTALCUSACCOUNT) PROFITABILITY,
		sum(TOTALREMAINAMOUNT) REMAINAMOUNT
		from (

		SELECT LOGINNAME,
		PRODUCT_ID,
		(case when BILLTIME <![CDATA[<=]]>TO_DATE('2018-10-10','YYYY-MM-DD') then (case when product_id='C07' then 'VND' else 'CNY' end) else currency end) as CURRENCY,
		<choose>
			<when test="platformid=='044'" >
				GAMETYPE GAME_KIND,
			</when>
			<otherwise>
				GAME_KIND,
			</otherwise>
		</choose>
		COUNT(1) AS BETTINGTIMES,
		SUM(ACCOUNT) AS ACCOUNT,
		SUM(VALID_ACCOUNT) AS TOTALVALIDACCOUNT,
		SUM(CUS_ACCOUNT) AS TOTALCUSACCOUNT,
		SUM(NVL(REMAIN_AMOUNT, VALID_ACCOUNT)) AS TOTALREMAINAMOUNT

		FROM ${orderTable} WHERE 1=1

		<if test="platformid != null and platformid !=''">
			<choose>
				<when test="platformid=='006'" >
					AND PLATFORM_ID IN ( '006','007','010','012','013','017','019','020','024' )
				</when>
				<otherwise>
					AND PLATFORM_ID IN (
					<foreach collection="platformid.split(',')" separator="," item="formId" index="index">
						#{formId,jdbcType=VARCHAR}
					</foreach>)
				</otherwise>
			</choose>
		</if>

		<if test="productId != null and productId !=''">
			AND PRODUCT_ID IN (
			<foreach collection="productId.split(',')" separator="," item="product" index="index">
				#{product,jdbcType=VARCHAR}
			</foreach>)
		</if>

		<if test="orderStatus != null and orderStatus !=''">
			AND FLAG IN (
			<foreach collection="orderStatus.split(',')" separator="," item="status" index="index">
				#{status,jdbcType=VARCHAR}
			</foreach>)
		</if>

		<if test="gameKind != null and gameKind != ''">
			AND GAME_KIND IN (
			<foreach collection="gameKind.split(',')" separator="," item="kind" index="index">
				#{kind,jdbcType=VARCHAR}
			</foreach>)
		</if>

		<if test="gameType != null and gameType != ''">
			AND GAMETYPE IN (
			<foreach collection="gameType.split(',')" separator="," item="type" index="index">
				#{type,jdbcType=VARCHAR}
			</foreach>)
		</if>

		<if test="currency!=null">
			AND (case when BILLTIME <![CDATA[<=]]>TO_DATE('2018-10-10','YYYY-MM-DD') then (case when product_id='C07' then 'VND' else 'CNY' end) else currency end) = #{currency}
		</if>

		<!-- 体育类注单使用结算时间查询 modified by ziv 2018-09-07 -->
		<choose>
			<when test="orderTable=='ORDERS_SBT'||orderTable=='ORDERS_SHABA'||orderTable=='ORDERS_NSS' || orderTable=='ORDERS_XJ'">
				<if test="beginTime != null and beginTime != ''">
					AND RECKONTIME <![CDATA[>=]]> TO_DATE(#{beginTime},'YYYY-MM-DD HH24:MI:SS')
				</if>
				<if test="endTime != null and endTime != ''">
					AND RECKONTIME <![CDATA[<=]]> TO_DATE(#{endTime},'YYYY-MM-DD HH24:MI:SS')
				</if>
			</when>
			<otherwise>
				<if test="beginTime != null and beginTime != ''">
					AND BILLTIME <![CDATA[>=]]> TO_DATE(#{beginTime},'YYYY-MM-DD HH24:MI:SS')
				</if>
				<if test="endTime != null and endTime != ''">
					AND BILLTIME <![CDATA[<=]]> TO_DATE(#{endTime},'YYYY-MM-DD HH24:MI:SS')
				</if>
			</otherwise>
		</choose>
		group by LOGINNAME, PRODUCT_ID,
		(case when BILLTIME <![CDATA[<=]]>TO_DATE('2018-10-10','YYYY-MM-DD') then (case when product_id='C07' then 'VND' else 'CNY' end) else currency end),
		<choose>
			<when test="platformid=='044'" >
				GAMETYPE
			</when>
			<otherwise>
				GAME_KIND
			</otherwise>
		</choose>


		) group by PRODUCT_ID, GAME_KIND,CURRENCY
		order by PRODUCT_ID asc
		)rs
		ORDER BY rs.PRODUCT_ID asc
		)rs0
		<if test="toRowNum!='' and toRowNum!=null" >
			WHERE ROWNUM <![CDATA[<=]]>#{toRowNum}
		</if>
		)rs2
		<if test="fromRowNum != '' and fromRowNum != null">
			WHERE rs2.rum <![CDATA[>=]]>#{fromRowNum}
		</if>

	</select>


	<!--查询总数数据-->
	<select id="getOrderReportCount" parameterType="Map" resultType="String">
		SELECT ROUND(NVL(sum(PLAYERNUM),0),2) ||','|| ROUND(NVL(sum(BETTIMES), 0), 2) ||','|| ROUND(NVL(sum(ACCOUNT),0),6) ||','|| ROUND(NVL(sum(VALIDACCOUNT),0),6) ||','|| ROUND(NVL(sum(REMAINAMOUNT),0),6)||',' || ROUND(NVL(sum(PROFITABILITY), 0), 6)||','||ROUND(NVL(count(1),0),2) FROM
		(
		select
		COUNT(LOGINNAME)  PLAYERNUM,
		PRODUCT_ID,
		GAME_KIND GAMEKIND,
		max(CURRENCY) CURRENCY,
		sum(BETTINGTIMES) BETTIMES,
		sum(TOTALACCOUNT) ACCOUNT,
		sum(TOTALVALIDACCOUNT) VALIDACCOUNT,
		sum(TOTALCUSACCOUNT) PROFITABILITY,
		sum(TOTALREMAINAMOUNT) REMAINAMOUNT

		from (

		SELECT LOGINNAME,
		PRODUCT_ID,
		max(CURRENCY) CURRENCY,
		<choose>
			<when test="platformid=='044'" >
				GAMETYPE GAME_KIND,
			</when>
			<otherwise>
				GAME_KIND,
			</otherwise>
		</choose>
		COUNT(1) AS BETTINGTIMES,
		SUM(ACCOUNT) AS TOTALACCOUNT,
		SUM(VALID_ACCOUNT) AS TOTALVALIDACCOUNT,
		SUM(CUS_ACCOUNT) AS TOTALCUSACCOUNT,
		SUM(NVL(REMAIN_AMOUNT, VALID_ACCOUNT)) AS TOTALREMAINAMOUNT

		FROM ${orderTable} WHERE 1=1

		<if test="platformid != null and platformid !=''">
			<choose>
				<when test="platformid=='006'" >
					AND PLATFORM_ID IN ( '006','007','010','012','013','017','019','020','024' )
				</when>
				<otherwise>
					AND PLATFORM_ID IN (
					<foreach collection="platformid.split(',')" separator="," item="formId" index="index">
						#{formId,jdbcType=VARCHAR}
					</foreach>)
				</otherwise>
			</choose>
		</if>

		<if test="productId != null and productId !=''">
			AND PRODUCT_ID IN (
			<foreach collection="productId.split(',')" separator="," item="product" index="index">
				#{product,jdbcType=VARCHAR}
			</foreach>)
		</if>

		<if test="orderStatus != null and orderStatus !=''">
			AND FLAG IN (
			<foreach collection="orderStatus.split(',')" separator="," item="status" index="index">
				#{status,jdbcType=VARCHAR}
			</foreach>)
		</if>

		<if test="gameKind != null and gameKind != ''">
			AND GAME_KIND IN (
			<foreach collection="gameKind.split(',')" separator="," item="kind" index="index">
				#{kind,jdbcType=VARCHAR}
			</foreach>)
		</if>

		<if test="gameType != null and gameType != ''">
			AND GAMETYPE IN (
			<foreach collection="gameType.split(',')" separator="," item="type" index="index">
				#{type,jdbcType=VARCHAR}
			</foreach>)
		</if>

		<if test="beginTime != null and beginTime != ''">
			AND BILLTIME <![CDATA[>=]]> TO_DATE(#{beginTime},'YYYY-MM-DD HH24:MI:SS')
		</if>
		<if test="endTime != null and endTime != ''">
			AND BILLTIME <![CDATA[<=]]> TO_DATE(#{endTime},'YYYY-MM-DD HH24:MI:SS')
		</if>
		<if test="currency!=null">
			AND (case when BILLTIME <![CDATA[<=]]>TO_DATE('2018-10-10','YYYY-MM-DD') then (case when product_id='C07' then 'VND' else 'CNY' end) else currency end) = #{currency}
		</if>
		group by LOGINNAME, PRODUCT_ID,

		<choose>
			<when test="platformid=='044'" >
				GAMETYPE
			</when>
			<otherwise>
				GAME_KIND
			</otherwise>
		</choose>

		) group by PRODUCT_ID, GAME_KIND

		)
	</select>

</mapper>