<?xml version="1.0" encoding="UTF-8"?>
<configuration scan="false" scanPeriod="10 seconds" debug="true">
    <conversionRule conversionWord="msg" converterClass="com.intech.sms.util.LogMessageConverter"/>
    <springProperty name="LOG_HOME" scope="context" source="log.file.path" defaultValue="/log/public/sms_api/log"/>
    <springProperty name="LOG_LEVEL" scope="context" source="log.level" defaultValue="info"/>
    <springProperty name="LOG_FORMAT" scope="context" source="log.format" defaultValue="file"/>
    <springProperty name="LOG_MASK_ENABLED" scope="context" source="log.mask.enabled" defaultValue="true"/>
    <!-- 日志格式 -->
    <property name="CONSOLE_LOG_PATTERN" value="%d{yyyy-MM-dd HH:mm:ss.SSS}の[%X{uuid}]の[%X{traceId}/%X{spanId}]の[%le]の[%C]:[%t]:[%F]:[%L]:[%msg%ex]の%n"/>

    <appender name="console" class="ch.qos.logback.core.ConsoleAppender">
        <!-- add json logger condition-->
        <if condition='property("LOG_FORMAT").equalsIgnoreCase("json")'>
            <then>
                <encoder class="net.logstash.logback.encoder.LoggingEventCompositeJsonEncoder">
                    <providers>
                        <pattern>
                            <omitEmptyFields>true</omitEmptyFields>
                            <pattern>{"time":"%date{yyyy-MM-dd HH:mm:ss.SSS}","logger": "%logger","level": "%level","thread": "%thread","stack":"%class:%L[%method]","stackTrace":"%ex","uuid":"%mdc{uuid}","traceId":"%mdc{traceId}","spanId":"%mdc{spanId}"}</pattern>
                        </pattern>
                        <provider class="com.intech.log.config.IntechMessageJsonProvider">
                            <maskEnabled>${LOG_MASK_ENABLED}</maskEnabled>
                            <!--不进行遮掩敏感信息logger(可选配置)，可以配置多个-->
                            <exclude>com.intech.tracing.TraceLogger</exclude>
                            <!--自定义遮掩敏感信息正则(可选配置),可以配置多个-->
                        </provider>
                    </providers>
                </encoder>
            </then>
            <else>
                <encoder class="ch.qos.logback.core.encoder.LayoutWrappingEncoder">
                    <layout class="com.intech.log.config.PatternMaskingLayout">
                        <pattern>${CONSOLE_LOG_PATTERN}</pattern>
                        <maskEnabled>${LOG_MASK_ENABLED}</maskEnabled>
                        <!--不进行遮掩敏感信息logger(可选配置)，可以配置多个-->
                        <exclude>com.intech.tracing.TraceLogger</exclude>
                    </layout>
                </encoder>
            </else>
        </if>
    </appender>

    <appender name="smsLog" class="ch.qos.logback.core.rolling.RollingFileAppender">
        <file>${LOG_HOME}/sms_api_logger.log</file>
        <rollingPolicy class="ch.qos.logback.core.rolling.TimeBasedRollingPolicy">
            <!-- daily rollover -->
            <fileNamePattern>${LOG_HOME}/sms_api_logger.%d{yyyy-MM-dd}.log</fileNamePattern>
            <!-- keep 60 days' worth of history -->
            <maxHistory>60</maxHistory>
        </rollingPolicy>
        <encoder class="ch.qos.logback.core.encoder.LayoutWrappingEncoder">
            <layout class="com.intech.log.config.PatternMaskingLayout">
                <pattern>${CONSOLE_LOG_PATTERN}</pattern>
                <maskEnabled>${LOG_MASK_ENABLED}</maskEnabled>
                <!--不进行遮掩敏感信息logger(可选配置)，可以配置多个-->
                <exclude>com.intech.tracing.TraceLogger</exclude>
            </layout>
            <charset>UTF-8</charset>
            <immediateFlush>true</immediateFlush>
        </encoder>
    </appender>

    <root level="${LOG_LEVEL}">
        <appender-ref ref="console"/>
        <appender-ref ref="smsLog"/>
    </root>

</configuration>